Date,Country,City,Specie,count,min,max,median,variance
31-12-2018,IN,Kolkata,co,96,2.2,36.5,7.7,774.62
01-01-2019,IN,Kolkata,co,96,2.2,32.8,8.2,668.59
02-01-2019,IN,Kolkata,co,95,0.1,30.9,7.8,603.5
03-01-2019,IN,Kolkata,co,96,1.8,51.3,11,1287.58
04-01-2019,IN,Kolkata,co,96,1.4,46.8,8.1,1149.47
05-01-2019,IN,Kolkata,co,96,2.2,41.7,9.8,1054.42
06-01-2019,IN,Kolkata,co,96,2.2,44,6.3,792.02
07-01-2019,IN,Kolkata,co,96,0.2,45.2,5.7,1306.28
08-01-2019,IN,Kolkata,co,95,0.7,46,5.9,1115.64
09-01-2019,IN,Kolkata,co,95,0.2,48.3,6.8,1137.41
10-01-2019,IN,Kolkata,co,96,2.2,41.4,8.6,1129.96
11-01-2019,IN,Kolkata,co,96,1.6,58.7,9.2,1823.2
12-01-2019,IN,Kolkata,co,96,2,55.9,8.4,1499.78
13-01-2019,IN,Kolkata,co,96,0.3,53.3,5.9,1353.6
14-01-2019,IN,Kolkata,co,95,1.8,59.9,12.1,1996.84
15-01-2019,IN,Kolkata,co,89,1.2,48.6,8.5,1071.74
16-01-2019,IN,Kolkata,co,82,1.3,86.1,8.1,1738.99
17-01-2019,IN,Kolkata,co,96,1.2,53.7,10,1359.18
18-01-2019,IN,Kolkata,co,96,1.4,72.1,10.2,2242.65
19-01-2019,IN,Kolkata,co,96,0.5,65.7,11.6,2230.66
20-01-2019,IN,Kolkata,co,96,1.6,41.3,12,835.85
21-01-2019,IN,Kolkata,co,96,2.2,63.4,16.5,2165.88
22-01-2019,IN,Kolkata,co,96,1.9,68.4,18.2,2868.33
23-01-2019,IN,Kolkata,co,90,0.2,72.8,19.6,3023.22
24-01-2019,IN,Kolkata,co,95,0.5,34.7,12.9,733.26
25-01-2019,IN,Kolkata,co,96,1.9,33.9,8.7,591.73
26-01-2019,IN,Kolkata,co,96,0.8,18.6,6.8,137.03
27-01-2019,IN,Kolkata,co,96,1.6,17.9,6.4,143.59
28-01-2019,IN,Kolkata,co,96,0.2,19,5.3,159.27
29-01-2019,IN,Kolkata,co,94,0.5,33.2,4.7,484.28
30-01-2019,IN,Kolkata,co,96,0.3,38.3,4.3,494.64
31-01-2019,IN,Kolkata,co,95,0.7,44.6,7.7,913.04
01-02-2019,IN,Kolkata,co,96,2.2,45.4,10.6,655.05
02-02-2019,IN,Kolkata,co,96,0.6,49.4,11.1,1945.75
03-02-2019,IN,Kolkata,co,95,0.1,51.4,10.5,1401.62
04-02-2019,IN,Kolkata,co,96,0.2,41.6,13,990.72
05-02-2019,IN,Kolkata,co,95,0.5,43.3,11.7,1024.22
06-02-2019,IN,Kolkata,co,96,2.7,50.2,14,1250.6
07-02-2019,IN,Kolkata,co,96,0.1,44.5,13.5,836.76
08-02-2019,IN,Kolkata,co,96,0.6,25.9,9.3,204.28
09-02-2019,IN,Kolkata,co,96,1.9,13.5,5.9,44.95
10-02-2019,IN,Kolkata,co,96,1.7,15,4.5,53
11-02-2019,IN,Kolkata,co,96,1.9,21.1,6.8,198.99
12-02-2019,IN,Kolkata,co,96,2.9,25.5,8,298.3
13-02-2019,IN,Kolkata,co,96,0.9,45.8,8.7,816.73
14-02-2019,IN,Kolkata,co,95,0.1,53.6,9.9,1920.4
15-02-2019,IN,Kolkata,co,95,1.4,39.1,11.3,873.81
16-02-2019,IN,Kolkata,co,96,1.4,28.9,7.2,365.11
17-02-2019,IN,Kolkata,co,96,1.8,19.2,6.3,117.23
18-02-2019,IN,Kolkata,co,96,1.4,27.9,6.6,327.79
19-02-2019,IN,Kolkata,co,96,0.2,29.4,7.3,370.05
20-02-2019,IN,Kolkata,co,96,1.3,25.5,5.8,220.4
21-02-2019,IN,Kolkata,co,96,0.5,23.7,10.2,244.06
22-02-2019,IN,Kolkata,co,96,0.2,19.8,6.1,92.47
23-02-2019,IN,Kolkata,co,96,2.9,35.9,7.1,427.72
24-02-2019,IN,Kolkata,co,96,0.6,30.3,4.6,370.81
25-02-2019,IN,Kolkata,co,95,0.5,11.4,5.9,54.71
26-02-2019,IN,Kolkata,co,93,1.3,16.6,5.6,53.08
27-02-2019,IN,Kolkata,co,96,2.1,9.6,4.3,25.71
28-02-2019,IN,Kolkata,co,96,1.5,18.4,4.9,162.74
01-03-2019,IN,Kolkata,co,96,0.1,29.4,4.3,369.29
02-03-2019,IN,Kolkata,co,94,0.1,34.3,5.9,729.19
03-03-2019,IN,Kolkata,co,95,0.5,40.6,10.8,920.78
04-03-2019,IN,Kolkata,co,94,3.2,25.8,7.1,100.61
05-03-2019,IN,Kolkata,co,96,2.6,14.7,7.1,95.49
06-03-2019,IN,Kolkata,co,94,1.6,23.5,6.3,182.08
07-03-2019,IN,Kolkata,co,96,1.1,26.7,6,339.89
08-03-2019,IN,Kolkata,co,86,1.5,22.2,6.4,205.86
09-03-2019,IN,Kolkata,co,72,0.9,21.3,7.7,149.15
10-03-2019,IN,Kolkata,co,95,2.3,10.1,4.7,44.95
11-03-2019,IN,Kolkata,co,96,1.8,17.5,5.6,121.89
12-03-2019,IN,Kolkata,co,96,2.2,10.6,5.7,47.89
13-03-2019,IN,Kolkata,co,96,1.3,15.4,5.8,128.04
14-03-2019,IN,Kolkata,co,96,2.6,12.2,6.3,56.18
15-03-2019,IN,Kolkata,co,94,2.6,24.5,6.9,175.8
16-03-2019,IN,Kolkata,co,81,1.8,25.8,5.8,133.49
17-03-2019,IN,Kolkata,co,96,1.8,11.4,5.7,57.08
18-03-2019,IN,Kolkata,co,96,1.9,12.4,5.7,59.86
19-03-2019,IN,Kolkata,co,96,2.2,10,6,35.98
20-03-2019,IN,Kolkata,co,96,2.1,22.4,6.3,92.93
21-03-2019,IN,Kolkata,co,96,2.4,9.3,4.9,25.7
22-03-2019,IN,Kolkata,co,90,2.2,32.8,4.7,106.52
23-03-2019,IN,Kolkata,co,72,2.1,21.4,7.3,191.94
24-03-2019,IN,Kolkata,co,72,1.6,21.9,6.9,295.84
25-03-2019,IN,Kolkata,co,72,2.4,20.6,8.7,251.38
26-03-2019,IN,Kolkata,co,72,1.5,11.4,5.2,58.5
27-03-2019,IN,Kolkata,co,71,1.8,9.5,5.9,35.67
28-03-2019,IN,Kolkata,co,77,2.9,9.6,5.4,36.89
29-03-2019,IN,Kolkata,co,96,1.9,8.3,4.2,20.55
30-03-2019,IN,Kolkata,co,95,1.9,13.4,5.3,39.68
31-03-2019,IN,Kolkata,co,92,2.4,10.9,4.9,28.66
01-04-2019,IN,Kolkata,co,96,1.9,7.4,4.2,22.33
02-04-2019,IN,Kolkata,co,96,2.1,8.4,4.6,19.73
03-04-2019,IN,Kolkata,co,94,1.9,7.5,4.2,19.53
04-04-2019,IN,Kolkata,co,94,1.2,7,4.4,19.74
05-04-2019,IN,Kolkata,co,96,1.4,12.4,4.5,24.54
06-04-2019,IN,Kolkata,co,96,1.7,14.5,4.2,50.87
07-04-2019,IN,Kolkata,co,96,1.2,9.9,4.2,33.12
08-04-2019,IN,Kolkata,co,95,0.8,9.2,3.9,36.08
09-04-2019,IN,Kolkata,co,92,1.8,11.9,4.3,35.92
10-04-2019,IN,Kolkata,co,95,1.7,12.2,5,42.67
11-04-2019,IN,Kolkata,co,91,1.4,8.4,4.7,35.06
12-04-2019,IN,Kolkata,co,82,1.8,7.4,4.5,29.19
13-04-2019,IN,Kolkata,co,96,1.9,8.2,4.5,28.82
15-04-2019,IN,Kolkata,co,96,1.2,8,4.7,24.83
16-04-2019,IN,Kolkata,co,87,1,9.3,5.1,35.07
17-04-2019,IN,Kolkata,co,80,2.4,14.5,6.1,58.33
18-04-2019,IN,Kolkata,co,96,2.2,18.5,5.8,114.47
19-04-2019,IN,Kolkata,co,84,2.1,15.3,6.3,82.19
20-04-2019,IN,Kolkata,co,96,1.9,19.4,5.8,58.68
21-04-2019,IN,Kolkata,co,96,1.7,9.2,4.7,32.28
22-04-2019,IN,Kolkata,co,96,2.3,10.7,5.6,32.19
23-04-2019,IN,Kolkata,co,96,2,9.6,4.7,30.32
24-04-2019,IN,Kolkata,co,95,1.9,8.9,4.1,25.17
25-04-2019,IN,Kolkata,co,96,1.8,10.3,4.3,26.74
26-04-2019,IN,Kolkata,co,91,0.9,7.1,4.6,21.09
27-04-2019,IN,Kolkata,co,68,1.9,17.4,4.9,44.73
28-04-2019,IN,Kolkata,co,96,1.5,7.4,3.8,21.63
29-04-2019,IN,Kolkata,co,96,0.7,14.1,3.7,37.41
30-04-2019,IN,Kolkata,co,84,1.2,6.5,4.2,16.25
01-05-2019,IN,Kolkata,co,72,2.5,5.9,4.2,10.83
02-05-2019,IN,Kolkata,co,72,2.5,6.3,4.1,8.08
03-05-2019,IN,Kolkata,co,72,2.2,8.7,4.5,22.26
04-05-2019,IN,Kolkata,co,72,3.1,27.4,6.8,182.41
05-05-2019,IN,Kolkata,co,72,3.1,14.9,5.8,95.23
06-05-2019,IN,Kolkata,co,72,2.6,8.4,5,13.87
07-05-2019,IN,Kolkata,co,72,3.4,8.8,5.4,15.53
08-05-2019,IN,Kolkata,co,72,3.1,14.8,5.2,31.2
09-05-2019,IN,Kolkata,co,71,3.7,9.4,5.4,14.56
10-05-2019,IN,Kolkata,co,72,3.5,8.8,5.5,11.59
11-05-2019,IN,Kolkata,co,72,3,8.5,5.1,9.08
12-05-2019,IN,Kolkata,co,72,3.8,6.7,4.8,5.11
13-05-2019,IN,Kolkata,co,72,2.8,8,4.8,7.55
14-05-2019,IN,Kolkata,co,95,1.7,8.4,4.5,24.26
15-05-2019,IN,Kolkata,co,96,2,11.2,4.5,33.45
16-05-2019,IN,Kolkata,co,96,1.8,11.5,4.7,40.41
17-05-2019,IN,Kolkata,co,96,1.7,8.7,4.9,29.52
18-05-2019,IN,Kolkata,co,96,1.8,7.5,4.5,19.63
19-05-2019,IN,Kolkata,co,96,1.2,9,4.7,28.94
20-05-2019,IN,Kolkata,co,94,0.8,8.3,4.7,29.92
21-05-2019,IN,Kolkata,co,96,1.6,7.7,4.1,27.74
22-05-2019,IN,Kolkata,co,95,1.3,8.4,4.6,33.59
23-05-2019,IN,Kolkata,co,96,1.9,8.1,4,28.14
24-05-2019,IN,Kolkata,co,96,1.2,7.5,3.9,24.52
25-05-2019,IN,Kolkata,co,96,1.1,7.7,4.3,28.02
26-05-2019,IN,Kolkata,co,81,1.5,8,4.5,27.2
27-05-2019,IN,Kolkata,co,72,1.5,6.9,3.8,17.55
28-05-2019,IN,Kolkata,co,72,1.1,5.8,3.8,17.15
29-05-2019,IN,Kolkata,co,72,1.3,5.2,4,13.35
30-05-2019,IN,Kolkata,co,72,1.5,6.3,3.9,11.79
31-05-2019,IN,Kolkata,co,72,0.7,8.1,3.6,32.12
01-06-2019,IN,Kolkata,co,72,1.5,9.4,4.9,38.38
02-06-2019,IN,Kolkata,co,72,0.6,7.1,3.9,28.6
03-06-2019,IN,Kolkata,co,95,0.9,16.3,4.5,71.88
04-06-2019,IN,Kolkata,co,96,0.5,7.6,3.5,30.41
05-06-2019,IN,Kolkata,co,96,1.3,8.5,4.7,30.66
06-06-2019,IN,Kolkata,co,96,1.1,9.4,4.8,46.05
07-06-2019,IN,Kolkata,co,96,1.3,7.9,4.7,39.73
08-06-2019,IN,Kolkata,co,96,1.1,8.1,3.8,37.11
09-06-2019,IN,Kolkata,co,96,1.1,8.4,3.9,38.82
10-06-2019,IN,Kolkata,co,96,1,12.4,4,48.44
11-06-2019,IN,Kolkata,co,96,0.2,8.2,4.6,39.73
12-06-2019,IN,Kolkata,co,96,1,8.2,4.4,31.39
13-06-2019,IN,Kolkata,co,96,0.6,14.8,5.3,60.49
14-06-2019,IN,Kolkata,co,92,1.4,9.8,4.9,46.81
15-06-2019,IN,Kolkata,co,67,1.6,8.4,4.6,34.63
16-06-2019,IN,Kolkata,co,71,1.5,8.3,4.5,28.23
17-06-2019,IN,Kolkata,co,95,1.4,11.2,5,58.07
18-06-2019,IN,Kolkata,co,90,1,12.1,4.8,77.9
19-06-2019,IN,Kolkata,co,72,1.2,9.9,5.8,55.49
20-06-2019,IN,Kolkata,co,95,1.5,11.5,5.6,61.52
21-06-2019,IN,Kolkata,co,96,1.6,7.7,4.7,32.81
22-06-2019,IN,Kolkata,co,96,1.2,7.4,3.9,24.41
23-06-2019,IN,Kolkata,co,96,0.5,6.8,3.3,21.78
24-06-2019,IN,Kolkata,co,96,1.2,6.4,3.8,15.46
25-06-2019,IN,Kolkata,co,96,1.1,6.8,3.6,19.67
26-06-2019,IN,Kolkata,co,96,0.4,8,3.1,24.67
27-06-2019,IN,Kolkata,co,96,1.1,7.8,3.7,23.09
28-06-2019,IN,Kolkata,co,96,1.7,38,4.5,154.46
29-06-2019,IN,Kolkata,co,96,1.6,13.9,5.6,121.61
30-06-2019,IN,Kolkata,co,96,1.6,16.1,6.4,153.35
01-07-2019,IN,Kolkata,co,96,1.2,18,4.3,131.06
02-07-2019,IN,Kolkata,co,96,0.8,11.5,4.2,93.32
03-07-2019,IN,Kolkata,co,96,1.5,11.5,4.5,73.37
04-07-2019,IN,Kolkata,co,96,2,25.8,4.1,126.41
05-07-2019,IN,Kolkata,co,96,1.4,10.9,4.6,81.13
06-07-2019,IN,Kolkata,co,96,0.8,11.6,4.7,84.44
07-07-2019,IN,Kolkata,co,96,1.6,9.9,3.8,59.84
08-07-2019,IN,Kolkata,co,96,0.8,9.7,3.3,64.1
09-07-2019,IN,Kolkata,co,96,1.4,11.6,3.5,86.35
10-07-2019,IN,Kolkata,co,95,1.4,14.1,3.9,109.72
11-07-2019,IN,Kolkata,co,95,0.9,34.9,3,209.07
12-07-2019,IN,Kolkata,co,96,1,13.5,3.5,87.45
13-07-2019,IN,Kolkata,co,96,1,11,3.7,79.56
14-07-2019,IN,Kolkata,co,96,1,10.3,4,67.72
15-07-2019,IN,Kolkata,co,96,1.6,10.4,4.2,64.75
16-07-2019,IN,Kolkata,co,86,0.1,23.4,5.1,202.48
17-07-2019,IN,Kolkata,co,72,1.1,26.5,5.4,344.51
18-07-2019,IN,Kolkata,co,72,0.5,12.3,2.8,130.64
19-07-2019,IN,Kolkata,co,72,0.8,8.8,2.4,85.84
20-07-2019,IN,Kolkata,co,72,0.8,9.9,2.2,101.87
21-07-2019,IN,Kolkata,co,95,0.8,10,2.6,84.32
22-07-2019,IN,Kolkata,co,96,0.8,10.5,2.6,79.66
23-07-2019,IN,Kolkata,co,96,0.4,9.5,2.3,82.25
24-07-2019,IN,Kolkata,co,96,0.5,10.5,2.6,74.85
25-07-2019,IN,Kolkata,co,96,1,12.5,4.3,81.38
26-07-2019,IN,Kolkata,co,96,1.3,12.7,3.6,87.01
27-07-2019,IN,Kolkata,co,96,0.7,19.9,3.4,155.44
28-07-2019,IN,Kolkata,co,96,0.1,11.2,2.4,103.38
29-07-2019,IN,Kolkata,co,96,0.1,10.6,2.7,88.05
30-07-2019,IN,Kolkata,co,96,1,12.2,3.4,87.35
31-07-2019,IN,Kolkata,co,96,1.1,13.3,3.2,90.57
01-08-2019,IN,Kolkata,co,96,1,10.7,3.3,75.9
02-08-2019,IN,Kolkata,co,86,0.6,13,3.2,105.81
03-08-2019,IN,Kolkata,co,72,0.7,14.9,4.5,150.46
04-08-2019,IN,Kolkata,co,95,1.6,15.5,4.7,176.62
05-08-2019,IN,Kolkata,co,96,1.2,18.7,4,172.44
06-08-2019,IN,Kolkata,co,96,1.1,19.6,3.4,176
07-08-2019,IN,Kolkata,co,96,0.6,10.4,2.4,96.16
08-08-2019,IN,Kolkata,co,90,0.2,11.9,2.9,103.85
09-08-2019,IN,Kolkata,co,83,1,13.4,3.4,111.13
10-08-2019,IN,Kolkata,co,89,0.6,32.6,4.5,395.69
11-08-2019,IN,Kolkata,co,84,0.1,21,6.2,292.56
12-08-2019,IN,Kolkata,co,91,0.9,15.8,5.1,155.05
13-08-2019,IN,Kolkata,co,84,0.4,15.8,3.4,156.83
14-08-2019,IN,Kolkata,co,87,0.6,12.7,3.8,120.06
15-08-2019,IN,Kolkata,co,89,0.5,12.2,4,101.07
16-08-2019,IN,Kolkata,co,72,1.4,15.6,4.6,138.63
17-08-2019,IN,Kolkata,co,72,1.4,28.6,6.8,231.69
18-08-2019,IN,Kolkata,co,72,0.4,11.7,3.5,87.22
19-08-2019,IN,Kolkata,co,72,1.5,11.3,3.5,92.35
20-08-2019,IN,Kolkata,co,84,1.4,11.9,4.1,115.12
21-08-2019,IN,Kolkata,co,96,1,12.4,3.8,108.74
22-08-2019,IN,Kolkata,co,96,0.7,18.4,3.3,139.69
23-08-2019,IN,Kolkata,co,95,0.7,21.3,4.1,195.32
24-08-2019,IN,Kolkata,co,96,1.8,17.1,4.6,184.62
25-08-2019,IN,Kolkata,co,84,0.8,9.7,3.2,50.64
26-08-2019,IN,Kolkata,co,72,0.7,6.8,3.1,15.75
27-08-2019,IN,Kolkata,co,72,0.7,8,3,26.02
28-08-2019,IN,Kolkata,co,72,1.6,11.3,3.6,31.46
29-08-2019,IN,Kolkata,co,72,0.7,11.3,3.2,48.95
30-08-2019,IN,Kolkata,co,95,1.1,13.2,3.7,94.31
31-08-2019,IN,Kolkata,co,93,1.3,10.8,3.9,76.35
01-09-2019,IN,Kolkata,co,76,1.6,9.4,3.7,27.85
02-09-2019,IN,Kolkata,co,69,1.2,7.2,3.3,26.76
03-09-2019,IN,Kolkata,co,51,1.6,6.4,3.6,11.2
04-09-2019,IN,Kolkata,co,94,0.8,11.6,3.4,106.94
05-09-2019,IN,Kolkata,co,96,0.5,13.1,3.7,114.62
06-09-2019,IN,Kolkata,co,96,0.8,12.1,3.1,112.62
07-09-2019,IN,Kolkata,co,93,0.9,13.9,3.3,119.16
08-09-2019,IN,Kolkata,co,95,1,15.2,3.4,147.96
09-09-2019,IN,Kolkata,co,95,1,13.5,3.4,129.57
10-09-2019,IN,Kolkata,co,96,1,13.1,3.7,118.8
11-09-2019,IN,Kolkata,co,92,1.3,12.7,3.9,129.38
12-09-2019,IN,Kolkata,co,95,1.6,13.6,4.1,123.69
13-09-2019,IN,Kolkata,co,86,0.7,10.3,3.4,61.87
14-09-2019,IN,Kolkata,co,72,0.9,5.3,3.1,12.65
15-09-2019,IN,Kolkata,co,72,0.9,5,2.6,11.13
16-09-2019,IN,Kolkata,co,95,1.2,11.7,3.4,91.66
17-09-2019,IN,Kolkata,co,96,1.1,10.3,2.9,82.78
18-09-2019,IN,Kolkata,co,78,1.1,10.5,2.9,45.32
19-09-2019,IN,Kolkata,co,95,1,13.2,3.8,105.84
20-09-2019,IN,Kolkata,co,96,0.8,22.9,5,198.04
21-09-2019,IN,Kolkata,co,96,1.8,24.9,4.6,237.91
22-09-2019,IN,Kolkata,co,96,1.5,15.8,4.3,145.62
23-09-2019,IN,Kolkata,co,96,2,13.5,4,101.79
24-09-2019,IN,Kolkata,co,87,0.5,10,3.8,72.25
25-09-2019,IN,Kolkata,co,84,1.5,15.1,5.8,107.32
26-09-2019,IN,Kolkata,co,96,1.7,13,4.8,90.92
27-09-2019,IN,Kolkata,co,96,2.2,12.9,5,83.94
28-09-2019,IN,Kolkata,co,96,2.4,15.6,5.5,100.79
29-09-2019,IN,Kolkata,co,96,1.9,11.5,4.3,65.05
30-09-2019,IN,Kolkata,co,96,1.5,12.9,4.2,73.21
30-09-2019,IN,Kolkata,co,96,1.5,12.9,4.2,73.21
01-10-2019,IN,Kolkata,co,86,1.9,19.8,5.5,132.79
01-10-2019,IN,Kolkata,co,86,1.9,19.8,5.5,132.79
02-10-2019,IN,Kolkata,co,72,2.2,16.7,6.6,164.73
02-10-2019,IN,Kolkata,co,72,2.2,16.7,6.6,164.73
03-10-2019,IN,Kolkata,co,95,1.2,17.2,5.4,141
03-10-2019,IN,Kolkata,co,95,1.2,17.2,5.4,141
04-10-2019,IN,Kolkata,co,85,2,14.5,4.3,122.29
04-10-2019,IN,Kolkata,co,85,2,14.5,4.3,122.29
05-10-2019,IN,Kolkata,co,95,1.6,27,4.6,319.23
05-10-2019,IN,Kolkata,co,95,1.6,27,4.6,319.23
06-10-2019,IN,Kolkata,co,76,1.8,22.2,5.8,237.35
06-10-2019,IN,Kolkata,co,76,1.8,22.2,5.8,237.35
07-10-2019,IN,Kolkata,co,40,2.2,16.4,4.5,92.28
08-10-2019,IN,Kolkata,co,71,0.3,13.2,3.4,149.32
09-10-2019,IN,Kolkata,co,93,0.9,11.9,3.5,91.12
10-10-2019,IN,Kolkata,co,75,1.5,27.5,5,263.1
11-10-2019,IN,Kolkata,co,72,1.5,35.8,7,735.13
12-10-2019,IN,Kolkata,co,81,0.5,36.7,8.3,747.29
13-10-2019,IN,Kolkata,co,72,2,33.9,5.8,307.78
14-10-2019,IN,Kolkata,co,87,2.1,21.9,5.8,162.39
15-10-2019,IN,Kolkata,co,73,1.6,20.7,6.5,212.23
16-10-2019,IN,Kolkata,co,69,2.5,18.1,7.4,216.43
17-10-2019,IN,Kolkata,co,71,3,37.3,9.3,463.31
18-10-2019,IN,Kolkata,co,61,2,48.9,9.5,1114.29
19-10-2019,IN,Kolkata,co,48,2.9,49.1,9.2,1343.63
20-10-2019,IN,Kolkata,co,48,3.3,21.7,8.4,258.77
21-10-2019,IN,Kolkata,co,48,4,24.5,9.6,247.17
22-10-2019,IN,Kolkata,co,71,2.3,38.5,6,544.97
23-10-2019,IN,Kolkata,co,78,2.9,39.6,6.3,609.37
24-10-2019,IN,Kolkata,co,71,0.7,17.8,3.4,106.89
25-10-2019,IN,Kolkata,co,72,1,6.7,3.3,17.38
26-10-2019,IN,Kolkata,co,94,1.6,19.3,4.6,134.07
27-10-2019,IN,Kolkata,co,96,1.7,24.1,5.2,197.19
28-10-2019,IN,Kolkata,co,96,1.1,18.7,4.9,98.67
29-10-2019,IN,Kolkata,co,95,1.9,29,6.1,277.27
30-10-2019,IN,Kolkata,co,96,1.9,35.9,7.1,477.08
31-10-2019,IN,Kolkata,co,96,1.5,36,9.2,586.12
01-11-2019,IN,Kolkata,co,96,2,36.4,9.4,495.64
02-11-2019,IN,Kolkata,co,96,2,30.6,8,277.47
03-11-2019,IN,Kolkata,co,96,1.7,21.3,6.3,170.96
04-11-2019,IN,Kolkata,co,95,2.2,48.8,8.2,720.3
05-11-2019,IN,Kolkata,co,85,4.9,49.8,12.8,731.88
06-11-2019,IN,Kolkata,co,84,3.2,39,10.5,716.08
07-11-2019,IN,Kolkata,co,96,2.5,29.5,7.4,246.07
08-11-2019,IN,Kolkata,co,88,1.2,16.9,5.4,113.5
09-11-2019,IN,Kolkata,co,96,1,10.3,3.6,87.16
10-11-2019,IN,Kolkata,co,96,1.6,11.6,4,63.75
11-11-2019,IN,Kolkata,co,96,1.9,52.2,5,943.44
12-11-2019,IN,Kolkata,co,96,1.8,64.1,7.7,1869.06
13-11-2019,IN,Kolkata,co,96,2.9,46.5,9.9,983.13
14-11-2019,IN,Kolkata,co,92,2.4,37.8,8.9,528.5
15-11-2019,IN,Kolkata,co,87,2,39.1,8.7,732.8
16-11-2019,IN,Kolkata,co,84,2.1,41.1,9.3,966.54
17-11-2019,IN,Kolkata,co,96,3.2,37,9.2,601.16
18-11-2019,IN,Kolkata,co,96,2,49.6,11.8,1200.82
19-11-2019,IN,Kolkata,co,94,0.5,41.3,7.6,955.25
20-11-2019,IN,Kolkata,co,96,1,54.4,7.7,1417.7
21-11-2019,IN,Kolkata,co,96,1.7,42.7,8.7,613.37
22-11-2019,IN,Kolkata,co,85,1.5,33,9.8,478.52
23-11-2019,IN,Kolkata,co,96,4.6,36.8,11.8,563.97
24-11-2019,IN,Kolkata,co,95,2.2,39.3,10.5,786.91
25-11-2019,IN,Kolkata,co,73,1.9,49.5,13.4,1339.57
26-11-2019,IN,Kolkata,co,73,2.9,60.2,14.5,2483.8
27-11-2019,IN,Kolkata,co,77,0.8,51.1,9.9,1003.39
28-11-2019,IN,Kolkata,co,95,1.4,36,7.4,543.09
29-11-2019,IN,Kolkata,co,96,0.4,61.2,7.7,1317.61
30-11-2019,IN,Kolkata,co,96,1.4,61.8,13.1,1683.7
01-12-2019,IN,Kolkata,co,57,2,46.5,9.8,1329.9
02-12-2019,IN,Kolkata,co,71,1.2,32.5,6.9,660.43
03-12-2019,IN,Kolkata,co,127,1.4,43.4,9.2,781.39
04-12-2019,IN,Kolkata,co,156,1,48.4,7.5,902.35
05-12-2019,IN,Kolkata,co,170,2,37,7.1,446.64
06-12-2019,IN,Kolkata,co,153,1.5,28.9,8.8,412.54
07-12-2019,IN,Kolkata,co,185,0.2,41.5,8.6,836.99
08-12-2019,IN,Kolkata,co,190,0.5,37.5,7.1,611.54
09-12-2019,IN,Kolkata,co,188,1.4,43.3,7,252.36
10-12-2019,IN,Kolkata,co,156,1.7,19,5.7,152.64
11-12-2019,IN,Kolkata,co,181,1.1,21.9,6.6,125.25
12-12-2019,IN,Kolkata,co,184,2.4,25.1,7.3,199.95
13-12-2019,IN,Kolkata,co,171,2.5,25,9,164.87
14-12-2019,IN,Kolkata,co,143,1.4,35.3,11.4,374.37
15-12-2019,IN,Kolkata,co,143,2,38.6,5.7,273.96
16-12-2019,IN,Kolkata,co,169,1.6,22.1,5.4,160.6
17-12-2019,IN,Kolkata,co,158,2.4,23.8,6.4,212
18-12-2019,IN,Kolkata,co,157,2.4,21.7,5.7,126.62
19-12-2019,IN,Kolkata,co,144,2.1,20.8,5.7,103.25
20-12-2019,IN,Kolkata,co,139,3.1,46.3,6.8,906.84
21-12-2019,IN,Kolkata,co,144,2.5,50.5,9.9,674.54
22-12-2019,IN,Kolkata,co,140,4.6,32.8,8.9,478.45
23-12-2019,IN,Kolkata,co,181,3.1,49,9.4,371.37
24-12-2019,IN,Kolkata,co,192,3.9,74.9,10.8,1787.98
25-12-2019,IN,Kolkata,co,182,1.9,73.9,13.2,2158.98
26-12-2019,IN,Kolkata,co,183,1.9,60.9,7.6,1435.82
27-12-2019,IN,Kolkata,co,190,1.8,44.6,6.6,655.81
28-12-2019,IN,Kolkata,co,168,3.9,51.1,8.4,933.78
29-12-2019,IN,Kolkata,co,181,2.3,59.3,6,1098.08
30-12-2019,IN,Kolkata,co,180,0.2,64.7,8.2,1871.68
30-12-2019,IN,Kolkata,co,180,0.2,64.7,8.2,1871.68
31-12-2019,IN,Kolkata,co,177,1.5,62.3,9.9,2423.85
31-12-2019,IN,Kolkata,co,177,1.5,62.3,9.9,2423.85
01-01-2020,IN,Kolkata,co,168,2.1,65.9,12,1833.01
01-01-2020,IN,Kolkata,co,168,2.1,65.9,12,1833.01
02-01-2020,IN,Kolkata,co,180,2.1,78.1,9.5,1816.65
02-01-2020,IN,Kolkata,co,180,2.1,78.1,9.5,1816.65
03-01-2020,IN,Kolkata,co,188,0.5,60.2,4.6,996.84
03-01-2020,IN,Kolkata,co,188,0.5,60.2,4.6,996.84
04-01-2020,IN,Kolkata,co,192,2.8,60.2,6.5,1787.23
04-01-2020,IN,Kolkata,co,192,2.8,60.2,6.5,1787.23
05-01-2020,IN,Kolkata,co,192,1.9,80.2,8.2,2154.17
05-01-2020,IN,Kolkata,co,192,1.9,80.2,8.2,2154.17
06-01-2020,IN,Kolkata,co,191,0.1,70.5,10.5,1291.81
07-01-2020,IN,Kolkata,co,192,2,65.8,7.5,1169.73
08-01-2020,IN,Kolkata,co,186,0.5,32.7,10.8,406.32
09-01-2020,IN,Kolkata,co,179,0.5,31.6,10.1,215.03
10-01-2020,IN,Kolkata,co,192,1.8,16.5,6.4,92.19
11-01-2020,IN,Kolkata,co,187,1.9,25,5.5,306.51
12-01-2020,IN,Kolkata,co,181,1.9,28.2,6.1,405.78
13-01-2020,IN,Kolkata,co,177,1.7,52.9,7.3,1056.17
14-01-2020,IN,Kolkata,co,181,0.6,59.4,13.7,1679.55
15-01-2020,IN,Kolkata,co,190,2,54.1,21.1,1430
16-01-2020,IN,Kolkata,co,155,1.5,57.1,14.6,1336.48
17-01-2020,IN,Kolkata,co,170,0.5,38.7,14.2,720.77
18-01-2020,IN,Kolkata,co,181,1.6,39.7,10.6,521.94
19-01-2020,IN,Kolkata,co,183,3.1,28.6,7.7,156.96
20-01-2020,IN,Kolkata,co,174,1,27.3,5.5,216.63
21-01-2020,IN,Kolkata,co,172,1.5,42.5,7.9,480.14
22-01-2020,IN,Kolkata,co,161,1.3,30.2,9.4,495.68
23-01-2020,IN,Kolkata,co,159,1.2,23.3,9.4,124.62
24-01-2020,IN,Kolkata,co,181,0.1,33.1,6.3,326.98
25-01-2020,IN,Kolkata,co,183,1.4,34.4,5.5,440.25
26-01-2020,IN,Kolkata,co,186,1.2,50.8,10.6,791.76
27-01-2020,IN,Kolkata,co,192,1.3,54.5,8.8,949.45
28-01-2020,IN,Kolkata,co,187,1,44.4,7.5,482.58
29-01-2020,IN,Kolkata,co,187,1.4,9.8,4.5,19.3
30-01-2020,IN,Kolkata,co,181,1.3,31.3,6.4,369.75
31-01-2020,IN,Kolkata,co,238,1,60.4,5.4,537.18
01-02-2020,IN,Kolkata,co,222,1.1,38.2,4.9,526.17
02-02-2020,IN,Kolkata,co,202,0.5,38.3,4.4,650.44
03-02-2020,IN,Kolkata,co,220,0.5,28.8,5.4,414.56
04-02-2020,IN,Kolkata,co,240,0.8,24.1,6.9,288.92
05-02-2020,IN,Kolkata,co,234,1.7,26.8,7.4,213.18
06-02-2020,IN,Kolkata,co,200,1.6,25.3,7.5,180.5
07-02-2020,IN,Kolkata,co,210,1.6,23.4,6.9,121.43
08-02-2020,IN,Kolkata,co,176,2.2,29.1,8.4,146.29
09-02-2020,IN,Kolkata,co,192,1.7,23.2,6.5,215.62
10-02-2020,IN,Kolkata,co,202,0.2,43.4,6,657.18
11-02-2020,IN,Kolkata,co,216,0.2,46.1,6.9,908.77
12-02-2020,IN,Kolkata,co,215,0.5,45.1,8.3,1206
13-02-2020,IN,Kolkata,co,229,0.2,30.2,8.9,536.01
14-02-2020,IN,Kolkata,co,238,0.2,32.8,8.7,618.89
15-02-2020,IN,Kolkata,co,237,0.9,35.9,6.6,515.71
16-02-2020,IN,Kolkata,co,240,1.8,36.9,6.9,364.39
17-02-2020,IN,Kolkata,co,233,1.8,32.6,8,348.24
18-02-2020,IN,Kolkata,co,224,1.9,44.9,6.4,249.81
19-02-2020,IN,Kolkata,co,239,0.4,25.3,4.9,73.68
20-02-2020,IN,Kolkata,co,240,1.4,14.2,3.8,29.42
21-02-2020,IN,Kolkata,co,237,1.5,40.6,6.9,467.2
22-02-2020,IN,Kolkata,co,238,0.5,31.1,6.4,403.14
23-02-2020,IN,Kolkata,co,238,1.5,25.5,5.7,205.78
24-02-2020,IN,Kolkata,co,240,1.5,26.9,8.6,213.74
25-02-2020,IN,Kolkata,co,227,0.3,28.1,6.1,126.08
26-02-2020,IN,Kolkata,co,210,1,29.9,4.5,100.49
27-02-2020,IN,Kolkata,co,216,0.4,25,4.8,189.79
28-02-2020,IN,Kolkata,co,206,0.1,34.1,5,278.75
29-02-2020,IN,Kolkata,co,214,0.6,43.3,6.5,699.44
01-03-2020,IN,Kolkata,co,240,1.5,41.2,7.2,658.34
02-03-2020,IN,Kolkata,co,240,1.6,37.8,7.9,414.45
03-03-2020,IN,Kolkata,co,78,2.2,21.5,5.6,188.56
04-03-2020,IN,Kolkata,co,240,1.6,26.3,4.5,129.86
05-03-2020,IN,Kolkata,co,239,1,25.1,4.6,196
06-03-2020,IN,Kolkata,co,240,1.5,32.8,4.7,201.18
07-03-2020,IN,Kolkata,co,240,1.4,23.5,5,157.32
08-03-2020,IN,Kolkata,co,240,1,37.4,4.3,443.74
09-03-2020,IN,Kolkata,co,238,0.2,34.3,4.3,349.4
10-03-2020,IN,Kolkata,co,237,1.2,25.5,5.9,244.75
11-03-2020,IN,Kolkata,co,237,0.8,30.6,4.7,217.76
12-03-2020,IN,Kolkata,co,238,1.8,43.5,5,241.93
13-03-2020,IN,Kolkata,co,239,2.4,37.2,5.4,237.09
14-03-2020,IN,Kolkata,co,223,1.2,21.8,3.7,109.14
15-03-2020,IN,Kolkata,co,216,1.6,22.2,3.5,130.77
16-03-2020,IN,Kolkata,co,228,1.5,62.6,6.3,370.3
17-03-2020,IN,Kolkata,co,235,0.5,36.8,5.3,301.43
18-03-2020,IN,Kolkata,co,237,1.8,33.6,5.7,357.94
19-03-2020,IN,Kolkata,co,235,1.2,30,6.3,254.03
20-03-2020,IN,Kolkata,co,239,0.7,28.8,3.9,272.4
21-03-2020,IN,Kolkata,co,240,0.9,20.6,3.3,128.32
22-03-2020,IN,Kolkata,co,237,0.5,14.9,2.6,66.4
23-03-2020,IN,Kolkata,co,214,1.6,17.1,3.4,90.27
24-03-2020,IN,Kolkata,co,232,1.3,17.5,3.7,88.67
25-03-2020,IN,Kolkata,co,238,1.1,17.7,3.5,148.68
26-03-2020,IN,Kolkata,co,239,1,18.6,3.4,134.99
27-03-2020,IN,Kolkata,co,235,0.5,21.1,3.8,114
28-03-2020,IN,Kolkata,co,220,1.4,18.8,4,112.5
29-03-2020,IN,Kolkata,co,207,0.6,17.6,4,101.51
30-03-2020,IN,Kolkata,co,205,0.5,16,3.9,102.41
31-03-2020,IN,Kolkata,co,196,0.3,28.8,4.1,160.38
01-04-2020,IN,Kolkata,co,216,2,19,3.7,139.46
02-04-2020,IN,Kolkata,co,216,1.5,20.9,3.4,165.07
03-04-2020,IN,Kolkata,co,216,1.6,20.7,4,172.44
04-04-2020,IN,Kolkata,co,217,1.2,17.7,4.3,80.16
05-04-2020,IN,Kolkata,co,216,1.3,8.6,3.9,17.87
06-04-2020,IN,Kolkata,co,232,0.8,13.3,3.6,29.15
07-04-2020,IN,Kolkata,co,240,1.5,6.5,3.4,10.83
08-04-2020,IN,Kolkata,co,240,0.2,5.9,3.2,13.34
09-04-2020,IN,Kolkata,co,239,0.9,6.1,2.9,12.98
10-04-2020,IN,Kolkata,co,217,1.4,6.9,3.1,14.14
11-04-2020,IN,Kolkata,co,229,1.3,6.5,2.9,11.43
12-04-2020,IN,Kolkata,co,239,0.8,6.6,3,14.47
13-04-2020,IN,Kolkata,co,240,0.9,7.2,3.3,17.45
14-04-2020,IN,Kolkata,co,240,1,6.4,3.2,15.07
15-04-2020,IN,Kolkata,co,240,0.9,7,3.3,16.05
16-04-2020,IN,Kolkata,co,240,1.5,11.4,3.4,23.19
17-04-2020,IN,Kolkata,co,234,1.4,6.5,3,12.77
18-04-2020,IN,Kolkata,co,227,1.2,10.1,3.1,15.84
19-04-2020,IN,Kolkata,co,226,1.1,6.4,2.5,13.23
20-04-2020,IN,Kolkata,co,225,1,8.7,2.7,20.46
21-04-2020,IN,Kolkata,co,240,1.1,5.6,2.9,11.49
22-04-2020,IN,Kolkata,co,240,0.6,6.5,2.7,15.4
23-04-2020,IN,Kolkata,co,233,0.6,6.9,2.7,18.42
24-04-2020,IN,Kolkata,co,216,1,6.3,2.9,12.73
25-04-2020,IN,Kolkata,co,201,1.2,6.5,2.9,13.77
26-04-2020,IN,Kolkata,co,192,0.9,6.4,3.1,13.66
27-04-2020,IN,Kolkata,co,203,0.8,6.2,2.9,12.71
28-04-2020,IN,Kolkata,co,225,1,6.7,2.9,18.57
29-04-2020,IN,Kolkata,co,237,0.8,6.3,3.2,17.19
30-04-2020,IN,Kolkata,co,240,1.1,6.2,2.5,16.88
01-05-2020,IN,Kolkata,co,237,0.5,5.7,2.4,12.51
02-05-2020,IN,Kolkata,co,240,1.3,6.9,3.4,17.75
03-05-2020,IN,Kolkata,co,240,0.5,8.8,3.1,27.62
04-05-2020,IN,Kolkata,co,240,0.7,6.9,3.1,15.26
05-05-2020,IN,Kolkata,co,240,1,6.7,2.8,14.51
06-05-2020,IN,Kolkata,co,199,0.5,6.3,3.3,18.84
07-05-2020,IN,Kolkata,co,191,0.5,6.5,2.8,14.93
08-05-2020,IN,Kolkata,co,191,1,6.7,3.2,12.39
09-05-2020,IN,Kolkata,co,172,1.1,7.1,3.1,13.43
10-05-2020,IN,Kolkata,co,188,1.1,6.5,2.9,14.94
11-05-2020,IN,Kolkata,co,164,1.2,7.2,3.2,14.32
12-05-2020,IN,Kolkata,co,177,0.7,6,3.4,8.43
13-05-2020,IN,Kolkata,co,188,0.3,6.4,2.6,12.6
14-05-2020,IN,Kolkata,co,190,0.5,5,2.4,6.74
15-05-2020,IN,Kolkata,co,192,0.5,4.5,2.4,5.5
16-05-2020,IN,Kolkata,co,187,1,6.2,2.4,8.74
17-05-2020,IN,Kolkata,co,89,0.8,5,2.5,7.65
